Museum,Country,Exhibition ID,JSON File,Items Count,R2 Ready Count,Status
"Art Gallery of New South Wales","Australia","agnsw-collection","agnsw-collection.json",11800,11794,"✅ 완료(정상표시)"
"Museum of Contemporary Art Australia","Australia","mca-collection","mca-collection.json",1115,1115,"✅ 완료(정상표시)"
"National Gallery of Victoria","Australia","ngv-collection","ngv-collection.json",4865,4864,"✅ 완료(정상표시)"
"Queensland Art Gallery | Gallery of Modern Art","Australia","qagoma-collection","qagoma-collection.json",8883,8874,"✅ 완료(정상표시)"
"ALBERTINA Museum Vienna","Austria","albertina-permanent-collection","albertina-permanent-collection.json",2720,2692,"✅ 완료(정상표시)"
"ALBERTINA Museum Vienna","Austria","albertina-photography-100","albertina-photography-100.json",22002,21991,"✅ 완료(정상표시)"
"ALBERTINA Museum Vienna","Austria","albertina-poster-100","albertina-poster-100.json",2604,2600,"✅ 완료(정상표시)"
"Belvedere Museum","Austria","belvedere-collection","belvedere-collection.json",9263,9239,"✅ 완료(정상표시)"
"Kunsthistorisches Museum Vienna","Austria","khm-collection","khm-collection.json",2713,2713,"✅ 완료(정상표시)"
"Leopold Museum","Austria","leopold-museum-collection","leopold-museum-collection.json",3025,2580,"✅ 완료(정상표시)"
"Musées royaux des Beaux-Arts de Belgique","Belgium","fine-arts-be-collection","fine-arts-be-100.json",100,100,"✅ 완료(정상표시)"
"Museu de Arte de São Paulo","Brazil","masp-collection","masp-collection.json",3256,3255,"✅ 완료(정상표시)"
"Montreal Museum of Fine Arts","Canada","mbam-collection","mbam-collection.json",2537,2535,"✅ 완료(정상표시)"
"China Art Museum, Shanghai","China","china-art-museum-collection","china-art-museum-collection.json",670,669,"✅ 완료(정상표시)"
"Guangdong Museum of Art (GDMOA)","China","gdmoa-online-collection","gdmoa-online-collection-all.json",164,164,"✅ 완료(정상표시)"
"Long Museum","China","long-museum-collection","long-museum-collection.json",52,52,"✅ 완료(정상표시)"
"Nanjing Museum","China","njmuseum-collection-all","njmuseum-collection-all.json",646,646,"✅ 완료(정상표시)"
"National Art Museum of China","China","namoc-collection","namoc-collection.json",5216,5125,"✅ 완료(정상표시)"
"National Museum of China","China","nmc-highlights-all","nmc-highlights-all.json",107,107,"✅ 완료(정상표시)"
"Power Station of Art","China","psa-collection-all","psa-collection-all.json",415,415,"✅ 완료(정상표시)"
"Shanghai Museum","China","shanghaimuseum-paintings-all","shanghaimuseum-paintings-all.json",329,329,"✅ 완료(정상표시)"
"Shenzhen Museum","China","shenzhenmuseum-l0303-all","shenzhenmuseum-l0303-all.json",250,250,"✅ 완료(정상표시)"
"The Palace Museum (International)","China","dpm-intl-paintings","dpm-intl-paintings-all.json",9970,9970,"✅ 완료(정상표시)"
"Today Art Museum","China","today-art-museum-collection","today-art-museum.json",80,80,"✅ 완료(정상표시)"
"Zhejiang Art Museum","China","zjam-collection","zjam-collection.json",273,273,"✅ 완료(정상표시)"
"National Gallery Prague","Czech Republic","ngprague-collection","ngprague-collection.json",3855,3793,"✅ 완료(정상표시)"
"ARoS Aarhus Kunstmuseum","Denmark","aros-collection","aros-collection.json",2995,2967,"✅ 완료(정상표시)"
"Den Hirschsprungske Samling","Denmark","hirschsprung-perm","hirschsprung-collection.json",779,779,"✅ 완료(정상표시)"
"Ny Carlsberg Glyptotek","Denmark","glyptoteket-collection","glyptoteket-collection.json",625,625,"✅ 완료(정상표시)"
"Skagens Museum","Denmark","skagens-collection","skagens-collection.json",2125,2112,"✅ 완료(정상표시)"
"SMK – Statens Museum for Kunst","Denmark","smk-collection","smk-collection.json",7039,7038,"✅ 완료(정상표시)"
"Grand Egyptian Museum","Egypt","gem-collection","gem-collection.json",175,175,"✅ 완료(정상표시)"
"Ateneum Art Museum","Finland","ateneum-collection","ateneum-collection.json",5367,5339,"✅ 완료(정상표시)"
"Kiasma Museum of Contemporary Art","Finland","kiasma-collection","kiasma-collection.json",3028,3025,"✅ 완료(정상표시)"
"Sinebrychoff Art Museum","Finland","sinebrychoff-collection","sinebrychoff-collection.json",1365,1356,"✅ 완료(정상표시)"
"Bourse de Commerce - Pinault Collection","France","pinault-collection","pinault-collection.json",1310,1309,"✅ 완료(정상표시)"
"Centre Pompidou","France","pompidou-cinema-collection","pompidou-cinema-collection.json",1555,1555,"✅ 완료(정상표시)"
"Centre Pompidou","France","pompidou-painting-collection","pompidou-painting-collection.json",6768,6752,"✅ 완료(정상표시)"
"Centre Pompidou","France","pompidou-drawing-collection","pompidou-drawing-collection.json",7160,7138,"✅ 완료(정상표시)"
"Centre Pompidou","France","pompidou-newmedia-collection","pompidou-newmedia-collection.json",3857,3857,"✅ 완료(정상표시)"
"Centre Pompidou","France","pompidou-design-collection","pompidou-design-collection.json",1675,1674,"✅ 완료(정상표시)"
"Château de Versailles","France","versailles-collection","versailles-collection.json",4634,4634,"✅ 완료(정상표시)"
"Fondation Louis Vuitton","France","flv-collection","flv-collection.json",318,304,"✅ 완료(정상표시)"
"La Piscine - Musée d'Art et d'Industrie André Diligent","France","piscine-collection","la-piscine-collection.json",355,355,"✅ 완료(정상표시)"
"Maison Européenne de la Photographie","France","mep-photography","mep-photography-collection.json",94,94,"✅ 완료(정상표시)"
"Médiathèque du Patrimoine et de la Photographie","France","macval-collection","macval-collection.json",4788,4731,"✅ 완료(정상표시)"
"Mucem","France","mucem-collection","mucem-collection.json",3943,3885,"✅ 완료(정상표시)"
"Musée Carnavalet - Histoire de Paris","France","carnavalet-the-collection","carnavalet-paintings.json",398,398,"✅ 완료(정상표시)"
"Musée Condé","France","conde-paintings","musee-conde-paintings.json",813,813,"✅ 완료(정상표시)"
"Musée d'Art Moderne de Paris","France","mam-collection","mam-collection.json",6474,6474,"✅ 완료(정상표시)"
"Musée d'Art Moderne et Contemporain de Strasbourg","France","mamcs-strasbourg-collection","mamcs-strasbourg-collection.json",8525,8525,"✅ 완료(정상표시)"
"Musée d'Orsay","France","orsay-collection","orsay-collection.json",2666,2666,"✅ 완료(정상표시)"
"Musée de Grenoble","France","grenoble-collection","grenoble-collection.json",2133,2133,"✅ 완료(정상표시)"
"Musée de l'Armée - Invalides","France","musee-armee-collection","musee-armee-collection.json",1476,1476,"✅ 완료(정상표시)"
"Musée de l'Orangerie","France","orangerie-collection","orangerie-collection.json",161,161,"✅ 완료(정상표시)"
"Musée des Arts Décoratifs","France","mad-collection","mad-paris-collection.json",292,291,"✅ 완료(정상표시)"
"Musée des Beaux-Arts de Bordeaux","France","bordeaux-collection","bordeaux-collection.json",5598,5598,"✅ 완료(정상표시)"
"Musée des Beaux-Arts de Lyon","France","lyon-collection","mba-lyon-collection.json",300,300,"✅ 완료(정상표시)"
"Musée des Beaux-Arts de Rouen","France","rouen-mba-collection","rouen-mba-collection.json",134,132,"✅ 완료(정상표시)"
"Musée du Louvre","France","louvre-painting-collection","louvre-painting-collection.json",10617,10615,"✅ 완료(정상표시)"
"Musée Granet","France","granet-collection","musee-granet-collection.json",30,30,"✅ 완료(정상표시)"
"Musée Guimet","France","guimet-collection","musee-guimet-collection.json",480,479,"✅ 완료(정상표시)"
"Musée Jacquemart-André","France","jacquemart-collection","jacquemart-andre-collection.json",29,29,"✅ 완료(정상표시)"
"Musée Marmottan Monet","France","marmottan-collection","marmottan-collection.json",90,90,"✅ 완료(정상표시)"
"Musée Matisse","France","matisse-nice-collection","matisse-nice-collection.json",486,486,"✅ 완료(정상표시)"
"Musée national Marc Chagall","France","chagall-collection","musee-chagall-collection.json",3276,3248,"✅ 완료(정상표시)"
"Musée Picasso Paris","France","picasso-paris-collection","picasso-paris-collection.json",3487,3487,"✅ 완료(정상표시)"
"Musée Rodin","France","rodin-collection","rodin-collection.json",8214,8214,"✅ 완료(정상표시)"
"Musée Toulouse-Lautrec","France","toulouse-lautrec-collection","toulouse-lautrec-collection.json",212,212,"✅ 완료(정상표시)"
"Palais des Beaux-Arts de Lille","France","lille-pba-collection","lille-pba-collection.json",99,99,"✅ 완료(정상표시)"
"Petit Palais","France","petit-palais-collection","petit-palais-collection.json",400,389,"✅ 완료(정상표시)"
"Alte Nationalgalerie","Germany","smb-alte-nationalgalerie-collection","smb-alte-nationalgalerie-collection.json",2258,2242,"✅ 완료(정상표시)"
"Alte Pinakothek","Germany","alte-pinakothek-collection","alte-pinakothek-collection.json",5262,5255,"✅ 완료(정상표시)"
"Altes Museum","Germany","smb-altes-museum-collection","smb-altes-museum-collection.json",658,658,"✅ 완료(정상표시)"
"Bode-Museum","Germany","smb-bode-museum-collection","smb-bode-museum-collection.json",2263,2156,"✅ 완료(정상표시)"
"Brücke-Museum","Germany","bruecke-museum-collection","bruecke-museum-collection.json",1391,1389,"✅ 완료(정상표시)"
"Gemäldegalerie","Germany","smb-gemaeldegalerie-collection","smb-gemaeldegalerie-collection.json",782,776,"✅ 완료(정상표시)"
"Hamburger Kunsthalle","Germany","hamburger-kunsthalle-collection","hamburger-kunsthalle-paintings.json",2286,2286,"✅ 완료(정상표시)"
"Humboldt Forum","Germany","smb-humboldt-forum-collection","smb-humboldt-forum-collection.json",980,974,"✅ 완료(정상표시)"
"Neue Nationalgalerie","Germany","smb-neue-nationalgalerie-collection","smb-neue-nationalgalerie-collection.json",730,730,"✅ 완료(정상표시)"
"Neue Pinakothek","Germany","neue-pinakothek-collection","neue-pinakothek-collection.json",136,129,"✅ 완료(정상표시)"
"Neues Museum","Germany","smb-neues-museum-collection","smb-neues-museum-collection.json",688,671,"✅ 완료(정상표시)"
"Pinakothek der Moderne","Germany","pinakothek-moderne-collection","pinakothek-moderne-collection.json",467,424,"✅ 완료(정상표시)"
"Sammlung Schack","Germany","sammlung-schack-collection","sammlung-schack-collection.json",173,173,"✅ 완료(정상표시)"
"Staatsgalerien","Germany","staatsgalerien-collection","staatsgalerien-collection.json",1200,1200,"✅ 완료(정상표시)"
"Städel Museum","Germany","staedel-museum-collection","staedel-museum-collection.json",1712,1711,"✅ 완료(정상표시)"
"Acropolis Museum","Greece","acropolis-highlights","acropolis-museum-collection.json",90,90,"✅ 완료(정상표시)"
"National Archaeological Museum","Greece","nam-collection","nam-collection.json",308,308,"✅ 완료(정상표시)"
"Hong Kong Museum of Art","Hong Kong","hkmoa-collection","hkmoa-collection.json",238,238,"✅ 완료(정상표시)"
"M+","Hong Kong","mplus-collection-mplus","mplus-collection-mplus.json",4773,4773,"✅ 완료(정상표시)"
"M+","Hong Kong","mplus-collection-sigg","mplus-collection-sigg.json",1331,1328,"✅ 완료(정상표시)"
"Museum of Fine Arts, Budapest","Hungary","mfab-collection","mfab-collection.json",10777,10775,"✅ 완료(정상표시)"
"Castello di Rivoli","Italy","castello-di-rivoli-collection","castello-di-rivoli-collection.json",820,776,"🔄 잔여/부분완료"
"Galleria Borghese","Italy","borghese-paintings","galleria-borghese-collection.json",562,561,"✅ 완료(정상표시)"
"Galleria Borghese","Italy","borghese-arte-antica","borghese-arte-antica-collection.json",291,291,"✅ 완료(정상표시)"
"Galleria dell'Accademia","Italy","accademia-collection","accademia-collection.json",70,70,"✅ 완료(정상표시)"
"Galleria Doria Pamphilj","Italy","doria-pamphilj-collection","doria-pamphilj-collection.json",29,29,"✅ 완료(정상표시)"
"Gallerie dell'Accademia di Venezia","Italy","gallerie-accademia-venice-collection","gallerie-accademia-venice-collection.json",188,187,"✅ 완료(정상표시)"
"Musei Capitolini","Italy","musei-capitolini-collection","musei-capitolini-collection.json",244,244,"✅ 완료(정상표시)"
"Museo Archeologico Nazionale di Napoli","Italy","napoli-collection","museo-archeologico-napoli-collection.json",221,221,"✅ 완료(정상표시)"
"Museo del Novecento","Italy","museo-novecento-milan-collection","museo-del-novecento-milan-collection.json",215,214,"✅ 완료(정상표시)"
"Museo Egizio","Italy","museo-egizio-collection","museo-egizio-collection.json",5428,5427,"✅ 완료(정상표시)"
"Museo Novecento","Italy","novecento-della-ragione-collection","novecento-della-ragione-collection.json",66,66,"✅ 완료(정상표시)"
"Museo Novecento","Italy","novecento-rosai-collection","novecento-rosai-collection.json",56,56,"✅ 완료(정상표시)"
"Peggy Guggenheim Collection","Italy","guggenheim-venice-collection","guggenheim-venice-collection.json",612,604,"✅ 완료(정상표시)"
"Pinacoteca Ambrosiana","Italy","ambrosiana-collection","ambrosiana-collection.json",122,122,"✅ 완료(정상표시)"
"Pinacoteca di Brera","Italy","brera-collection","pinacoteca-brera-collection.json",619,619,"✅ 완료(정상표시)"
"Pitti Palace","Italy","pitti-palace-collection","pitti-palace-collection.json",428,428,"✅ 완료(정상표시)"
"Uffizi Galleries","Italy","uffizi-gallery-collection","uffizi-gallery-collection.json",508,508,"✅ 완료(정상표시)"
"Vatican Museums","Italy","vatican-collection","vatican-collection.json",102,102,"✅ 완료(정상표시)"
"21st Century Museum of Contemporary Art, Kanazawa","Japan","kanazawa-collection","kanazawa-all.json",4161,3809,"🔄 잔여/부분완료"
"Adachi Museum of Art","Japan","adachi-collection","adachi-collection.json",59,59,"✅ 완료(정상표시)"
"Mori Art Museum","Japan","mori-collection","mori-collection.json",504,504,"✅ 완료(정상표시)"
"National Museum of Western Art","Japan","nmwa-collection","nmwa-collection.json",849,848,"✅ 완료(정상표시)"
"Tokyo Metropolitan Art Museum","Japan","tobikan-collection","tobikan-collection.json",48,48,"✅ 완료(정상표시)"
"Tokyo National Museum (ColBase)","Japan","tnm-painting-collection","nich-collection.json",3142,3141,"✅ 완료(정상표시)"
"Museo Frida Kahlo","Mexico","frida-timeline","frida-timeline.json",113,113,"✅ 완료(정상표시)"
"Kröller-Müller Museum","Netherlands","kroller-muller-collection","kroller-muller-paintings.json",1196,1196,"✅ 완료(정상표시)"
"Mauritshuis","Netherlands","mauritshuis-collection","mauritshuis-collection.json",860,857,"✅ 완료(정상표시)"
"Rijksmuseum","Netherlands","rijksmuseum-paintings","rijksmuseum-paintings-collection.json",4370,4370,"✅ 완료(정상표시)"
"Rijksmuseum","Netherlands","rijksmuseum-photography","rijksmuseum-photography-collection.json",1140,1123,"✅ 완료(정상표시)"
"Rijksmuseum","Netherlands","rijksmuseum-drawings","rijksmuseum-drawings-collection.json",10019,10002,"✅ 완료(정상표시)"
"Rijksmuseum","Netherlands","rijksmuseum-prints","rijksmuseum-prints-collection.json",9995,9958,"✅ 완료(정상표시)"
"Rijksmuseum","Netherlands","rijksmuseum-prints2-collection","rijksmuseum-prints2-collection.json",9000,8956,"✅ 완료(정상표시)"
"Rijksmuseum","Netherlands","rijksmuseum-cartoon","rijksmuseum-cartoon-collection.json",8418,8417,"✅ 완료(정상표시)"
"Rijksmuseum","Netherlands","rijksmuseum-design","rijksmuseum-design-collection.json",4821,4819,"✅ 완료(정상표시)"
"Rijksmuseum","Netherlands","rijksmuseum-poster","rijksmuseum-poster-collection.json",3790,3790,"✅ 완료(정상표시)"
"Rijksmuseum","Netherlands","rijksmuseum-docphotos","rijksmuseum-docphotos-collection.json",3123,3123,"✅ 완료(정상표시)"
"Stedelijk Museum Amsterdam","Netherlands","stedelijk-collection","stedelijk-collection.json",431,431,"✅ 완료(정상표시)"
"Van Gogh Museum","Netherlands","vangogh-museum-collection","vangogh-museum-collection.json",4583,4509,"✅ 완료(정상표시)"
"Te Papa Tongarewa","New Zealand","tepapa-paintings","tepapa-collection.json",4946,1301,"🔄 잔여/부분완료"
"Munchmuseet","Norway","munch-collection","munch-collection.json",1765,1366,"✅ 완료(정상표시)"
"Nasjonalmuseet","Norway","nasjonal-collection","nasjonal-collection.json",7975,7958,"✅ 완료(정상표시)"
"National Museum in Krakow","Poland","mnk-collection","mnk-collection.json",7314,7314,"✅ 완료(정상표시)"
"Wawel Royal Castle","Poland","wawel-collection","wawel-collection.json",872,839,"✅ 완료(정상표시)"
"Gulbenkian Museum","Portugal","gulbenkian-collection","gulbenkian-collection.json",211,211,"✅ 완료(정상표시)"
"Moscow Kremlin Museums","Russia","kremlin-collection","kremlin-collection.json",856,856,"✅ 완료(정상표시)"
"State Hermitage Museum","Russia","hermitage-collection","hermitage-highlights.json",752,743,"✅ 완료(정상표시)"
"State Tretyakov Gallery","Russia","tretyakov-collection","tretyakov-wikidata.json",1018,1016,"✅ 완료(정상표시)"
"The Pushkin State Museum of Fine Arts","Russia","pushkin-collection","pushkin-paintings.json",1796,0,"🟠 변환 안됨 (R2=0)"
"The State Russian Museum","Russia","rusmuseum-collection","rusmuseum-collection.json",887,886,"✅ 완료(정상표시)"
"National Gallery Singapore","Singapore","ngs-collection-all","ngs-all.json",8721,8587,"✅ 완료(정상표시)"
"Dumoak","South Korea","dumoak-collection","dumoak-kim-work-all.json",40,40,"✅ 완료(정상표시)"
"Gidang Art Museum","South Korea","gidang-collection","gidang-collection.json",45,45,"✅ 완료(정상표시)"
"House of Refuge","South Korea","erick-oh-retrospective","house-of-refuge-collection.json",7,4,"✅ 완료(정상표시)"
"Jeju Museum of Art","South Korea","jmoa-collection","jmoa-collection-all.json",1000,1000,"✅ 완료(정상표시)"
"Kim Tschang-Yeul Art Museum Jeju","South Korea","kimtschang-yeul-collection","kimtschang-yeul-collection-all.json",239,237,"✅ 완료(정상표시)"
"Lee Jung-seop Art Museum","South Korea","ljs-collection","lee-jung-seop-collection.json",56,56,"✅ 완료(정상표시)"
"Soam Memorial Hall","South Korea","soam-collection","soam-memorial-collection.json",50,50,"✅ 완료(정상표시)"
"국립광주박물관","South Korea","gwangju-collection","gwangju-museum.json",331,331,"✅ 완료(정상표시)"
"국립민속박물관","South Korea","folk-collection","folk-museum.json",927,927,"✅ 완료(정상표시)"
"국립전주박물관","South Korea","jeonju-collection","jeonju-museum.json",382,382,"✅ 완료(정상표시)"
"국립중앙박물관","South Korea","nmk-collection","national-museum-korea.json",4309,4308,"✅ 완료(정상표시)"
"국립현대미술관","South Korea","mmca-collection","mmca-collection.json",11752,11749,"✅ 완료(정상표시)"
"부산광역시립박물관","South Korea","busan-collection","busan-museum.json",198,197,"✅ 완료(정상표시)"
"서울시립미술관","South Korea","sema-collection","seoul-museum-of-art-collection.json",6167,6164,"✅ 완료(정상표시)"
"Fundació Gala-Salvador Dalí","Spain","dali-foundation-collection","dali-foundation-collection.json",1352,0,"🟠 변환 안됨 (R2=0)"
"Fundación la Caixa","Spain","caixaforum-collection","caixaforum-collection.json",723,655,"✅ 완료(정상표시)"
"Guggenheim Bilbao","Spain","guggenheim-bilbao-collection","guggenheim-bilbao-collection.json",142,0,"🟠 변환 안됨 (R2=0)"
"Museo Reina Sofía","Spain","reina-sofia-collection","reina-sofia-collection.json",14712,14664,"✅ 완료(정상표시)"
"Museo Thyssen-Bornemisza","Spain","thyssen-collection-41","museothyssen-collection-41.full.json",682,682,"✅ 완료(정상표시)"
"Museu Picasso Barcelona","Spain","picasso-bcn-collection","picasso-bcn-collection.json",2499,0,"🟠 변환 안됨 (R2=0)"
"Nationalmuseum Sweden","Sweden","nationalmuseum-sweden-collection","sweden-collection.json",3984,3984,"✅ 완료(정상표시)"
"Fondation Beyeler","Switzerland","beyeler-collection","beyeler-collection.json",433,432,"✅ 완료(정상표시)"
"Kunsthaus Zürich","Switzerland","kunsthaus-collection","kunsthaus-collection.json",2655,2655,"✅ 완료(정상표시)"
"Kunstmuseum Basel","Switzerland","basel-collection","basel-collection.json",3140,3139,"✅ 완료(정상표시)"
"Musée d'Art et d'Histoire","Switzerland","mah-collection","mah-collection.json",3384,3384,"✅ 완료(정상표시)"
"National Palace Museum (Taipei)","Taiwan","npm-selection-painting","npm-selection-painting.json",105,105,"✅ 완료(정상표시)"
"National Taiwan Museum of Fine Arts","Taiwan","ntmofa-collection","ntmofa-collection.json",12957,12946,"✅ 완료(정상표시)"
"Taipei Fine Arts Museum","Taiwan","tfam-collection-all","tfam-collection-all.json",5271,5268,"✅ 완료(정상표시)"
"Topkapi Palace Museum","Turkey","topkapi-collection","topkapi-collection.json",54,54,"✅ 완료(정상표시)"
"Dulwich Picture Gallery","United Kingdom","dpg-1","dpg-1.json",0,0,"❌ 수집안됨 (파일없음)"
"Dulwich Picture Gallery","United Kingdom","dpg-anna-ancher","dpg-anna-ancher.json",0,0,"❌ 수집안됨 (파일없음)"
"Dulwich Picture Gallery","United Kingdom","dpg-konrad-magi","dpg-konrad-magi.json",0,0,"❌ 수집안됨 (파일없음)"
"Dulwich Picture Gallery","United Kingdom","dpg-portrait-city","dpg-portrait-city.json",0,0,"❌ 수집안됨 (파일없음)"
"Dulwich Picture Gallery","United Kingdom","dpg-hokusai","dpg-hokusai.json",0,0,"❌ 수집안됨 (파일없음)"
"Hayward Gallery","United Kingdom","hayward-gallery-collection","hayward-gallery-collection.json",1045,1045,"✅ 완료(정상표시)"
"Hayward Gallery","United Kingdom","hayward-65720","hayward-65720.json",0,0,"❌ 수집안됨 (파일없음)"
"Hayward Gallery","United Kingdom","hayward-66729","hayward-66729.json",0,0,"❌ 수집안됨 (파일없음)"
"Hayward Gallery","United Kingdom","hayward-64916","hayward-64916.json",0,0,"❌ 수집안됨 (파일없음)"
"Hayward Gallery","United Kingdom","hayward-64917","hayward-64917.json",0,0,"❌ 수집안됨 (파일없음)"
"Hayward Gallery","United Kingdom","hayward-64275","hayward-64275.json",0,0,"❌ 수집안됨 (파일없음)"
"Hayward Gallery","United Kingdom","hayward-62951","hayward-62951.json",0,0,"❌ 수집안됨 (파일없음)"
"Hayward Gallery","United Kingdom","hayward-61497","hayward-61497.json",0,0,"❌ 수집안됨 (파일없음)"
"Hayward Gallery","United Kingdom","hayward-60467","hayward-60467.json",0,0,"❌ 수집안됨 (파일없음)"
"Hayward Gallery","United Kingdom","hayward-60035","hayward-60035.json",0,0,"❌ 수집안됨 (파일없음)"
"Hayward Gallery","United Kingdom","hayward-59323","hayward-59323.json",0,0,"❌ 수집안됨 (파일없음)"
"Hayward Gallery","United Kingdom","hayward-58472","hayward-58472.json",0,0,"❌ 수집안됨 (파일없음)"
"Hayward Gallery","United Kingdom","hayward-59237","hayward-59237.json",0,0,"❌ 수집안됨 (파일없음)"
"Hayward Gallery","United Kingdom","hayward-58251","hayward-58251.json",0,0,"❌ 수집안됨 (파일없음)"
"Hayward Gallery","United Kingdom","hayward-58252","hayward-58252.json",0,0,"❌ 수집안됨 (파일없음)"
"Hayward Gallery","United Kingdom","hayward-25038","hayward-25038.json",0,0,"❌ 수집안됨 (파일없음)"
"Hayward Gallery","United Kingdom","hayward-25040","hayward-25040.json",0,0,"❌ 수집안됨 (파일없음)"
"Hayward Gallery","United Kingdom","hayward-25043","hayward-25043.json",0,0,"❌ 수집안됨 (파일없음)"
"Hayward Gallery","United Kingdom","hayward-25047","hayward-25047.json",0,0,"❌ 수집안됨 (파일없음)"
"Hayward Gallery","United Kingdom","hayward-25050","hayward-25050.json",0,0,"❌ 수집안됨 (파일없음)"
"Hayward Gallery","United Kingdom","hayward-25051","hayward-25051.json",0,0,"❌ 수집안됨 (파일없음)"
"Hayward Gallery","United Kingdom","hayward-25055","hayward-25055.json",0,0,"❌ 수집안됨 (파일없음)"
"Hayward Gallery","United Kingdom","hayward-25053","hayward-25053.json",0,0,"❌ 수집안됨 (파일없음)"
"Hayward Gallery","United Kingdom","hayward-25056","hayward-25056.json",0,0,"❌ 수집안됨 (파일없음)"
"Hayward Gallery","United Kingdom","hayward-25059","hayward-25059.json",0,0,"❌ 수집안됨 (파일없음)"
"Hayward Gallery","United Kingdom","hayward-25060","hayward-25060.json",0,0,"❌ 수집안됨 (파일없음)"
"Hayward Gallery","United Kingdom","hayward-25061","hayward-25061.json",0,0,"❌ 수집안됨 (파일없음)"
"Hayward Gallery","United Kingdom","hayward-25064","hayward-25064.json",0,0,"❌ 수집안됨 (파일없음)"
"Hayward Gallery","United Kingdom","hayward-25122","hayward-25122.json",0,0,"❌ 수집안됨 (파일없음)"
"Hayward Gallery","United Kingdom","hayward-25077","hayward-25077.json",0,0,"❌ 수집안됨 (파일없음)"
"Hayward Gallery","United Kingdom","hayward-25080","hayward-25080.json",0,0,"❌ 수집안됨 (파일없음)"
"Hayward Gallery","United Kingdom","hayward-25085","hayward-25085.json",0,0,"❌ 수집안됨 (파일없음)"
"Hayward Gallery","United Kingdom","hayward-25089","hayward-25089.json",0,0,"❌ 수집안됨 (파일없음)"
"Hayward Gallery","United Kingdom","hayward-25092","hayward-25092.json",0,0,"❌ 수집안됨 (파일없음)"
"Hayward Gallery","United Kingdom","hayward-25093","hayward-25093.json",0,0,"❌ 수집안됨 (파일없음)"
"Hayward Gallery","United Kingdom","hayward-25095","hayward-25095.json",0,0,"❌ 수집안됨 (파일없음)"
"Hayward Gallery","United Kingdom","hayward-25096","hayward-25096.json",0,0,"❌ 수집안됨 (파일없음)"
"Hayward Gallery","United Kingdom","hayward-25107","hayward-25107.json",0,0,"❌ 수집안됨 (파일없음)"
"Hayward Gallery","United Kingdom","hayward-64913","hayward-64913.json",0,0,"❌ 수집안됨 (파일없음)"
"Hayward Gallery","United Kingdom","hayward-64914","hayward-64914.json",0,0,"❌ 수집안됨 (파일없음)"
"Hayward Gallery","United Kingdom","hayward-62389","hayward-62389.json",0,0,"❌ 수집안됨 (파일없음)"
"Hayward Gallery","United Kingdom","hayward-59920","hayward-59920.json",0,0,"❌ 수집안됨 (파일없음)"
"Hayward Gallery","United Kingdom","hayward-25041","hayward-25041.json",0,0,"❌ 수집안됨 (파일없음)"
"Hayward Gallery","United Kingdom","hayward-25042","hayward-25042.json",0,0,"❌ 수집안됨 (파일없음)"
"Hayward Gallery","United Kingdom","hayward-25057","hayward-25057.json",0,0,"❌ 수집안됨 (파일없음)"
"Hayward Gallery","United Kingdom","hayward-25081","hayward-25081.json",0,0,"❌ 수집안됨 (파일없음)"
"Hayward Gallery","United Kingdom","hayward-25086","hayward-25086.json",0,0,"❌ 수집안됨 (파일없음)"
"Hayward Gallery","United Kingdom","hayward-25094","hayward-25094.json",0,0,"❌ 수집안됨 (파일없음)"
"National Gallery","United Kingdom","ng-1","ng-1.json",0,0,"❌ 수집안됨 (파일없음)"
"National Museum Wales","United Kingdom","museum-wales-art","museum-wales-art.json",9996,9995,"✅ 완료(정상표시)"
"National Museum Wales","United Kingdom","museum-wales-paintings","museum-wales-paintings.json",4203,4203,"✅ 완료(정상표시)"
"National Portrait Gallery","United Kingdom","npg-london-collection","national-portrait-gallery-london-collection.json",1401,1401,"✅ 완료(정상표시)"
"Royal Academy of Arts","United Kingdom","ra-1","royal-academy-collection.json",259,259,"✅ 완료(정상표시)"
"Scottish National Gallery of Modern Art","United Kingdom","sngma-collection","scottish-national-gallery-of-modern-art-collection.json",29,29,"✅ 완료(정상표시)"
"Scottish National Gallery","United Kingdom","sng-collection","scottish-national-gallery-collection.json",480,478,"✅ 완료(정상표시)"
"Scottish National Portrait Gallery","United Kingdom","snpg-collection","scottish-national-portrait-gallery-collection.json",155,155,"✅ 완료(정상표시)"
"Sir John Soane's Museum","United Kingdom","soane-paintings","soane-paintings.json",390,390,"✅ 완료(정상표시)"
"Tate Britain","United Kingdom","tbc-perm-1","tbc-perm-1.json",0,0,"❌ 수집안됨 (파일없음)"
"Tate Britain","United Kingdom","tm-perm-3","tm-perm-3.json",0,0,"❌ 수집안됨 (파일없음)"
"Tate Liverpool + RIBA North","United Kingdom","tm-perm-3","tm-perm-3.json",0,0,"❌ 수집안됨 (파일없음)"
"Tate Liverpool + RIBA North","United Kingdom","tl-t1","tl-t1.json",0,0,"❌ 수집안됨 (파일없음)"
"Tate Liverpool + RIBA North","United Kingdom","tl-t2","tl-t2.json",0,0,"❌ 수집안됨 (파일없음)"
"Tate Liverpool + RIBA North","United Kingdom","tl-t3","tl-t3.json",0,0,"❌ 수집안됨 (파일없음)"
"Tate Liverpool + RIBA North","United Kingdom","tl-t4","tl-t4.json",0,0,"❌ 수집안됨 (파일없음)"
"Tate Liverpool + RIBA North","United Kingdom","tl-t5","tl-t5.json",0,0,"❌ 수집안됨 (파일없음)"
"Tate Liverpool + RIBA North","United Kingdom","tl-t6","tl-t6.json",0,0,"❌ 수집안됨 (파일없음)"
"Tate Liverpool + RIBA North","United Kingdom","tl-t7","tl-t7.json",0,0,"❌ 수집안됨 (파일없음)"
"Tate Liverpool + RIBA North","United Kingdom","tl-t8","tl-t8.json",0,0,"❌ 수집안됨 (파일없음)"
"Tate Liverpool + RIBA North","United Kingdom","tl-t9","tl-t9.json",0,0,"❌ 수집안됨 (파일없음)"
"Tate Modern","United Kingdom","tm-perm-1","tate-modern-collection.json",656,368,"✅ 완료(정상표시)"
"Tate Modern","United Kingdom","tm-perm-3","tm-perm-3.json",0,0,"❌ 수집안됨 (파일없음)"
"Tate St Ives","United Kingdom","tm-perm-3","tm-perm-3.json",0,0,"❌ 수집안됨 (파일없음)"
"Tate St Ives","United Kingdom","tsi-perm-1","tsi-perm-1.json",0,0,"❌ 수집안됨 (파일없음)"
"Tate St Ives","United Kingdom","tsi-t1","tsi-t1.json",0,0,"❌ 수집안됨 (파일없음)"
"Tate St Ives","United Kingdom","tsi-t2","tsi-t2.json",0,0,"❌ 수집안됨 (파일없음)"
"Tate St Ives","United Kingdom","tsi-t3","tsi-t3.json",0,0,"❌ 수집안됨 (파일없음)"
"Tate St Ives","United Kingdom","tsi-t4","tsi-t4.json",0,0,"❌ 수집안됨 (파일없음)"
"Tate St Ives","United Kingdom","tsi-t5","tsi-t5.json",0,0,"❌ 수집안됨 (파일없음)"
"The Courtauld Gallery","United Kingdom","cg-1","courtauld-gallery-collection.json",611,610,"✅ 완료(정상표시)"
"The Wallace Collection","United Kingdom","wallace-permanent","wallace-collection.json",806,806,"✅ 완료(정상표시)"
"Victoria and Albert Museum","United Kingdom","vam-permanent","vam-permanent-exhibitions.json",580,580,"✅ 완료(정상표시)"
"Victoria and Albert Museum","United Kingdom","vam-posters","vam-posters-display.json",11653,11653,"✅ 완료(정상표시)"
"Victoria and Albert Museum","United Kingdom","vam-t1","vam-t1.json",0,0,"❌ 수집안됨 (파일없음)"
"Victoria and Albert Museum","United Kingdom","vam-t2","vam-t2.json",0,0,"❌ 수집안됨 (파일없음)"
"Victoria and Albert Museum","United Kingdom","vam-t3","vam-t3.json",0,0,"❌ 수집안됨 (파일없음)"
"Victoria and Albert Museum","United Kingdom","vam-t5","vam-t5.json",0,0,"❌ 수집안됨 (파일없음)"
"Victoria and Albert Museum","United Kingdom","vam-t6","vam-t6.json",0,0,"❌ 수집안됨 (파일없음)"
"Walker Art Gallery","United Kingdom","wag-collection","walker-art-gallery-collection.json",1342,1342,"✅ 완료(정상표시)"
"Cleveland Museum of Art","USA","cma-collection","cma-collection.json",5931,5907,"✅ 완료(정상표시)"
"Crystal Bridges Museum of American Art","USA","crystalbridges-collection","crystal-bridges-gac.json",72,72,"✅ 완료(정상표시)"
"Detroit Institute of Arts","USA","dia-collection","dia-collection.json",3776,3776,"✅ 완료(정상표시)"
"Fine Arts Museums of San Francisco","USA","famsf-collections","famsf-collections.json",10605,8557,"✅ 완료(정상표시)"
"Getty Museum","USA","getty-collection","getty-collection.json",781,781,"✅ 완료(정상표시)"
"High Museum of Art","USA","high-museum-collection","high-collection.json",3583,3526,"✅ 완료(정상표시)"
"Huntington Library","USA","huntington-collection","huntington-collection.json",511,0,"✅ 완료(정상표시)"
"Los Angeles County Museum of Art (LACMA)","USA","lacma-paintings","lacma-classification-22.json",1614,1612,"✅ 완료(정상표시)"
"National Gallery of Art","USA","nga-collection","nga-collection.json",16912,0,"🟠 변환 안됨 (R2=0)"
"National Museum of Asian Art","USA","si-asian-art-collection","si-asian-art.json",1524,1524,"✅ 완료(정상표시)"
"National Portrait Gallery","USA","si-npg-collection","si-npg.json",1828,1814,"✅ 완료(정상표시)"
"Philadelphia Museum of Art","USA","philadelphia-collection","philadelphia-collection.json",10937,10776,"✅ 완료(정상표시)"
"San Francisco Museum of Modern Art (SFMOMA)","USA","sfmoma-collection","sfmoma-collection.json",3169,2859,"🔄 잔여/부분완료"
"Smithsonian American Art Museum","USA","saam-paintings","saam-paintings-full.json",6426,6425,"✅ 완료(정상표시)"
"The Art Institute of Chicago","USA","aic-highlights","aic-collection.json",40404,40374,"✅ 완료(정상표시)"
"The Broad","USA","thebroad-collection","thebroad-collection.json",1870,1848,"✅ 완료(정상표시)"
"The Metropolitan Museum of Art","USA","met-ny-collection","met-ny-collection.json",1996,1993,"✅ 완료(정상표시)"
"The Museum of Modern Art","USA","moma-highlights","moma-collection.json",27849,27849,"✅ 완료(정상표시)"
"Whitney Museum of American Art","USA","whitney-collection","whitney-collection.json",27379,25538,"✅ 완료(정상표시)"
